Ariel_Sharon
Ariel_Sharon,Ariel_Sharon,Ariel_Sharon,Ariel_Sharon
Arnold_Schwarzenegger,Arnold_Schwarzenegger,Arnold_Schwarzenegger,Arnold_Schwarzenegger,Arnold_Schwarzenegger,George_W_Bush,George_W_Bush,George_W_Bush,George_W_Bush,George_W_Bush
Colin_Powell,Colin_Powell,Colin_Powell,Colin_Powell,Colin_Powell
Donald_Rumsfeld,Donald_Rumsfeld,Donald_Rumsfeld,Donald_Rumsfeld,Donald_Rumsfeld
Gerhard_Schroeder,Gerhard_Schroeder,Gerhard_Schroeder,Gerhard_Schroeder,Gerhard_Schroeder
Hugo_Chavez,Hugo_Chavez,Hugo_Chavez,Hugo_Chavez,Hugo_Chavez
Jacques_Chirac,Jacques_Chirac,Jacques_Chirac,Jacques_Chirac,Jacques_Chirac
Tony_Blair,Tony_Blair,Tony_Blair,Tony_Blair,Tony_Blair
Vladimir_Putin,Vladimir_Putin,Vladimir_Putin,Vladimir_Putin
